,,02119,Roxbury,,,
,,02120,Roxbury Mission Hill,,,
,,02130,Jamaica Plain,,,
,,02134,Allston,,,
,,02135,Brighton,,,
,,02445,Brookline,,,
,,02446,Brookline,,,
,,02447,Brookline,,,
,,02467,Brookline,,,
,,02108,Boston  (Beacon  Hill),,,
,,02114,Boston West End,,,
,,02115,Boston Fenway,,,
,,02116,Boston Back Bay,,,
,,02215,Boston Kenmore,,,
,Dimock Street Area Total,,,,,
,Harbor Area Office,02128,East Boston,,,
,,02129,Charlestown,,,
,,02150,Chelsea,,,
,,02151,Revere,,,
,,02152,Winthrop,,,
,Harbor Area Total,,,,,
,Hyde Park Area Office,02124*,Dorchester Center (excluding Four Corners),,,
,,02126,Mattapan,,,
,,02131,Roslindale,,,
,,02132,West Roxbury,,,
,,02136,Hyde Park,,,
,Hyde Park Area Total,,,,,
,Park Street Area Office,02109,Boston (Faneuil Hall marketplace/ north end),,,
,,02110,Boston (downtown crossing/ financial district),,,
,,02111,Boston (Chinatown/ Tufts Medical),,,
,,02113,Boston Hanover Street (north end),,,
,,02121,Dorchester Grove Hall,,,
,,02122,Dorchester,,,
,,02124*,Dorchester Center (Four Corners only),,,
,,02125,Dorchester Uphams Corner,,,
,,02127,South Boston,,,
,,02210,Boston,,,
,Park Street Area Total,,,,,
,,*This zip code is covered by two area offices.,,,,